{
  "num_lanes": 3,
  "model": "city",
  "file_name": "02-16_18-09-08",
  "laneLength": 300.0,
  "num_cars": 1800,
  "flow_start": 0,
  "flow_end": 3600,
  "sim_start": 0,
  "max_steps": 3600,
  "num_epochs": 1000,
  "edge_info": [
    {
      "from": "n_0_l",
      "id": "n_0_l_to_n_0_0",
      "to": "n_0_0",
      "numLanes": "3"
    },
    {
      "from": "n_0_r",
      "id": "n_0_r_to_n_2_0",
      "to": "n_2_0",
      "numLanes": "3"
    },
    {
      "from": "n_0_u",
      "id": "n_0_u_to_n_0_0",
      "to": "n_0_0",
      "numLanes": "3"
    },
    {
      "from": "n_0_d",
      "id": "n_0_d_to_n_0_2",
      "to": "n_0_2",
      "numLanes": "3"
    },
    {
      "from": "n_1_l",
      "id": "n_1_l_to_n_0_1",
      "to": "n_0_1",
      "numLanes": "3"
    },
    {
      "from": "n_1_r",
      "id": "n_1_r_to_n_2_1",
      "to": "n_2_1",
      "numLanes": "3"
    },
    {
      "from": "n_1_u",
      "id": "n_1_u_to_n_1_0",
      "to": "n_1_0",
      "numLanes": "3"
    },
    {
      "from": "n_1_d",
      "id": "n_1_d_to_n_1_2",
      "to": "n_1_2",
      "numLanes": "3"
    },
    {
      "from": "n_2_l",
      "id": "n_2_l_to_n_0_2",
      "to": "n_0_2",
      "numLanes": "3"
    },
    {
      "from": "n_2_r",
      "id": "n_2_r_to_n_2_2",
      "to": "n_2_2",
      "numLanes": "3"
    },
    {
      "from": "n_2_u",
      "id": "n_2_u_to_n_2_0",
      "to": "n_2_0",
      "numLanes": "3"
    },
    {
      "from": "n_2_d",
      "id": "n_2_d_to_n_2_2",
      "to": "n_2_2",
      "numLanes": "3"
    },
    {
      "from": "n_0_0",
      "id": "n_0_0_to_n_0_l",
      "to": "n_0_l",
      "numLanes": "3"
    },
    {
      "from": "n_0_0",
      "id": "n_0_0_to_n_0_u",
      "to": "n_0_u",
      "numLanes": "3"
    },
    {
      "from": "n_0_0",
      "id": "n_0_0_to_n_1_0",
      "to": "n_1_0",
      "numLanes": "3"
    },
    {
      "from": "n_0_0",
      "id": "n_0_0_to_n_0_1",
      "to": "n_0_1",
      "numLanes": "3"
    },
    {
      "from": "n_1_0",
      "id": "n_1_0_to_n_1_u",
      "to": "n_1_u",
      "numLanes": "3"
    },
    {
      "from": "n_1_0",
      "id": "n_1_0_to_n_2_0",
      "to": "n_2_0",
      "numLanes": "3"
    },
    {
      "from": "n_1_0",
      "id": "n_1_0_to_n_1_1",
      "to": "n_1_1",
      "numLanes": "3"
    },
    {
      "from": "n_1_0",
      "id": "n_1_0_to_n_0_0",
      "to": "n_0_0",
      "numLanes": "3"
    },
    {
      "from": "n_2_0",
      "id": "n_2_0_to_n_2_u",
      "to": "n_2_u",
      "numLanes": "3"
    },
    {
      "from": "n_2_0",
      "id": "n_2_0_to_n_0_r",
      "to": "n_0_r",
      "numLanes": "3"
    },
    {
      "from": "n_2_0",
      "id": "n_2_0_to_n_2_1",
      "to": "n_2_1",
      "numLanes": "3"
    },
    {
      "from": "n_2_0",
      "id": "n_2_0_to_n_1_0",
      "to": "n_1_0",
      "numLanes": "3"
    },
    {
      "from": "n_0_1",
      "id": "n_0_1_to_n_1_l",
      "to": "n_1_l",
      "numLanes": "3"
    },
    {
      "from": "n_0_1",
      "id": "n_0_1_to_n_1_1",
      "to": "n_1_1",
      "numLanes": "3"
    },
    {
      "from": "n_0_1",
      "id": "n_0_1_to_n_0_2",
      "to": "n_0_2",
      "numLanes": "3"
    },
    {
      "from": "n_0_1",
      "id": "n_0_1_to_n_0_0",
      "to": "n_0_0",
      "numLanes": "3"
    },
    {
      "from": "n_1_1",
      "id": "n_1_1_to_n_2_1",
      "to": "n_2_1",
      "numLanes": "3"
    },
    {
      "from": "n_1_1",
      "id": "n_1_1_to_n_1_2",
      "to": "n_1_2",
      "numLanes": "3"
    },
    {
      "from": "n_1_1",
      "id": "n_1_1_to_n_0_1",
      "to": "n_0_1",
      "numLanes": "3"
    },
    {
      "from": "n_1_1",
      "id": "n_1_1_to_n_1_0",
      "to": "n_1_0",
      "numLanes": "3"
    },
    {
      "from": "n_2_1",
      "id": "n_2_1_to_n_1_r",
      "to": "n_1_r",
      "numLanes": "3"
    },
    {
      "from": "n_2_1",
      "id": "n_2_1_to_n_2_2",
      "to": "n_2_2",
      "numLanes": "3"
    },
    {
      "from": "n_2_1",
      "id": "n_2_1_to_n_1_1",
      "to": "n_1_1",
      "numLanes": "3"
    },
    {
      "from": "n_2_1",
      "id": "n_2_1_to_n_2_0",
      "to": "n_2_0",
      "numLanes": "3"
    },
    {
      "from": "n_0_2",
      "id": "n_0_2_to_n_2_l",
      "to": "n_2_l",
      "numLanes": "3"
    },
    {
      "from": "n_0_2",
      "id": "n_0_2_to_n_0_d",
      "to": "n_0_d",
      "numLanes": "3"
    },
    {
      "from": "n_0_2",
      "id": "n_0_2_to_n_1_2",
      "to": "n_1_2",
      "numLanes": "3"
    },
    {
      "from": "n_0_2",
      "id": "n_0_2_to_n_0_1",
      "to": "n_0_1",
      "numLanes": "3"
    },
    {
      "from": "n_1_2",
      "id": "n_1_2_to_n_1_d",
      "to": "n_1_d",
      "numLanes": "3"
    },
    {
      "from": "n_1_2",
      "id": "n_1_2_to_n_2_2",
      "to": "n_2_2",
      "numLanes": "3"
    },
    {
      "from": "n_1_2",
      "id": "n_1_2_to_n_0_2",
      "to": "n_0_2",
      "numLanes": "3"
    },
    {
      "from": "n_1_2",
      "id": "n_1_2_to_n_1_1",
      "to": "n_1_1",
      "numLanes": "3"
    },
    {
      "from": "n_2_2",
      "id": "n_2_2_to_n_2_d",
      "to": "n_2_d",
      "numLanes": "3"
    },
    {
      "from": "n_2_2",
      "id": "n_2_2_to_n_2_r",
      "to": "n_2_r",
      "numLanes": "3"
    },
    {
      "from": "n_2_2",
      "id": "n_2_2_to_n_1_2",
      "to": "n_1_2",
      "numLanes": "3"
    },
    {
      "from": "n_2_2",
      "id": "n_2_2_to_n_2_1",
      "to": "n_2_1",
      "numLanes": "3"
    }
  ],
  "node_info": [
    {
      "id": "n_0_0",
      "type": "traffic_light",
      "tl": "n_0_0",
      "x": "-450.0",
      "y": "450.0"
    },
    {
      "id": "n_0_1",
      "type": "traffic_light",
      "tl": "n_0_1",
      "x": "-450.0",
      "y": "150.0"
    },
    {
      "id": "n_0_2",
      "type": "traffic_light",
      "tl": "n_0_2",
      "x": "-450.0",
      "y": "-150.0"
    },
    {
      "id": "n_1_0",
      "type": "traffic_light",
      "tl": "n_1_0",
      "x": "-150.0",
      "y": "450.0"
    },
    {
      "id": "n_1_1",
      "type": "traffic_light",
      "tl": "n_1_1",
      "x": "-150.0",
      "y": "150.0"
    },
    {
      "id": "n_1_2",
      "type": "traffic_light",
      "tl": "n_1_2",
      "x": "-150.0",
      "y": "-150.0"
    },
    {
      "id": "n_2_0",
      "type": "traffic_light",
      "tl": "n_2_0",
      "x": "150.0",
      "y": "450.0"
    },
    {
      "id": "n_2_1",
      "type": "traffic_light",
      "tl": "n_2_1",
      "x": "150.0",
      "y": "150.0"
    },
    {
      "id": "n_2_2",
      "type": "traffic_light",
      "tl": "n_2_2",
      "x": "150.0",
      "y": "-150.0"
    },
    {
      "id": "n_0_u",
      "x": "-450.0",
      "y": "750.0"
    },
    {
      "id": "n_0_r",
      "x": "450.0",
      "y": "450.0"
    },
    {
      "id": "n_0_d",
      "x": "-450.0",
      "y": "-450.0"
    },
    {
      "id": "n_0_l",
      "x": "-750.0",
      "y": "450.0"
    },
    {
      "id": "n_1_u",
      "x": "-150.0",
      "y": "750.0"
    },
    {
      "id": "n_1_r",
      "x": "450.0",
      "y": "150.0"
    },
    {
      "id": "n_1_d",
      "x": "-150.0",
      "y": "-450.0"
    },
    {
      "id": "n_1_l",
      "x": "-750.0",
      "y": "150.0"
    },
    {
      "id": "n_2_u",
      "x": "150.0",
      "y": "750.0"
    },
    {
      "id": "n_2_r",
      "x": "450.0",
      "y": "-150.0"
    },
    {
      "id": "n_2_d",
      "x": "150.0",
      "y": "-450.0"
    },
    {
      "id": "n_2_l",
      "x": "-750.0",
      "y": "-150.0"
    }
  ],
  "vehicle_info": [
    {
      "from": "n_0_l_to_n_0_0",
      "to": "n_2_0_to_n_0_r",
      "id": "n_0_l",
      "begin": "0",
      "end": "3600",
      "probability": "0.388",
      "reroute": "false",
      "via": "n_0_l_to_n_0_0 n_0_0_to_n_1_0  n_2_0_to_n_0_r",
      "departPos": "base",
      "departLane": "best"
    },
    {
      "from": "n_0_r_to_n_2_0",
      "to": "n_0_0_to_n_0_l",
      "id": "n_0_r",
      "begin": "0",
      "end": "3600",
      "probability": "0.388",
      "reroute": "false",
      "via": "n_0_r_to_n_2_0 n_2_0_to_n_1_0 n_1_0_to_n_0_0  n_0_0_to_n_0_l",
      "departPos": "base",
      "departLane": "best"
    },
    {
      "from": "n_0_u_to_n_0_0",
      "to": "n_0_2_to_n_0_d",
      "id": "n_0_u",
      "begin": "0",
      "end": "3600",
      "probability": "0.133",
      "reroute": "false",
      "via": "n_0_u_to_n_0_0 n_0_0_to_n_0_1  n_0_2_to_n_0_d",
      "departPos": "base",
      "departLane": "best"
    },
    {
      "from": "n_0_d_to_n_0_2",
      "to": "n_0_0_to_n_0_u",
      "id": "n_0_d",
      "begin": "0",
      "end": "3600",
      "probability": "0.133",
      "reroute": "false",
      "via": "n_0_d_to_n_0_2 n_0_2_to_n_0_1 n_0_1_to_n_0_0  n_0_0_to_n_0_u",
      "departPos": "base",
      "departLane": "best"
    },
    {
      "from": "n_1_l_to_n_0_1",
      "to": "n_2_1_to_n_1_r",
      "id": "n_1_l",
      "begin": "0",
      "end": "3600",
      "probability": "0.388",
      "reroute": "false",
      "via": "n_1_l_to_n_0_1 n_0_1_to_n_1_1  n_2_1_to_n_1_r",
      "departPos": "base",
      "departLane": "best"
    },
    {
      "from": "n_1_r_to_n_2_1",
      "to": "n_0_1_to_n_1_l",
      "id": "n_1_r",
      "begin": "0",
      "end": "3600",
      "probability": "0.388",
      "reroute": "false",
      "via": "n_1_r_to_n_2_1 n_2_1_to_n_1_1 n_1_1_to_n_0_1  n_0_1_to_n_1_l",
      "departPos": "base",
      "departLane": "best"
    },
    {
      "from": "n_1_u_to_n_1_0",
      "to": "n_1_2_to_n_1_d",
      "id": "n_1_u",
      "begin": "0",
      "end": "3600",
      "probability": "0.133",
      "reroute": "false",
      "via": "n_1_u_to_n_1_0 n_1_0_to_n_1_1  n_1_2_to_n_1_d",
      "departPos": "base",
      "departLane": "best"
    },
    {
      "from": "n_1_d_to_n_1_2",
      "to": "n_1_0_to_n_1_u",
      "id": "n_1_d",
      "begin": "0",
      "end": "3600",
      "probability": "0.133",
      "reroute": "false",
      "via": "n_1_d_to_n_1_2 n_1_2_to_n_1_1 n_1_1_to_n_1_0  n_1_0_to_n_1_u",
      "departPos": "base",
      "departLane": "best"
    },
    {
      "from": "n_2_l_to_n_0_2",
      "to": "n_2_2_to_n_2_r",
      "id": "n_2_l",
      "begin": "0",
      "end": "3600",
      "probability": "0.388",
      "reroute": "false",
      "via": "n_2_l_to_n_0_2 n_0_2_to_n_1_2  n_2_2_to_n_2_r",
      "departPos": "base",
      "departLane": "best"
    },
    {
      "from": "n_2_r_to_n_2_2",
      "to": "n_0_2_to_n_2_l",
      "id": "n_2_r",
      "begin": "0",
      "end": "3600",
      "probability": "0.388",
      "reroute": "false",
      "via": "n_2_r_to_n_2_2 n_2_2_to_n_1_2 n_1_2_to_n_0_2  n_0_2_to_n_2_l",
      "departPos": "base",
      "departLane": "best"
    },
    {
      "from": "n_2_u_to_n_2_0",
      "to": "n_2_2_to_n_2_d",
      "id": "n_2_u",
      "begin": "0",
      "end": "3600",
      "probability": "0.133",
      "reroute": "false",
      "via": "n_2_u_to_n_2_0 n_2_0_to_n_2_1  n_2_2_to_n_2_d",
      "departPos": "base",
      "departLane": "best"
    },
    {
      "from": "n_2_d_to_n_2_2",
      "to": "n_2_0_to_n_2_u",
      "id": "n_2_d",
      "begin": "0",
      "end": "3600",
      "probability": "0.133",
      "reroute": "false",
      "via": "n_2_d_to_n_2_2 n_2_2_to_n_2_1 n_2_1_to_n_2_0  n_2_0_to_n_2_u",
      "departPos": "base",
      "departLane": "best"
    }
  ],
  "mode": "train",
  "device": "cpu",
  "current_path": "C:\\Users\\Admin\\Desktop\\vscode\\city-traffic_RL",
  "time_data": "02-16_18-09-08",
  "network": "grid",
  "grid_num": 3,
  "probability": "0.133",
  "phase_num_actions": {
    "2": [
      [
        0,
        0
      ],
      [
        1,
        -1
      ]
    ],
    "3": [
      [
        0,
        0,
        0
      ],
      [
        1,
        0,
        -1
      ],
      [
        1,
        -1,
        0
      ],
      [
        0,
        1,
        -1
      ],
      [
        -1,
        0,
        1
      ],
      [
        0,
        -1,
        1
      ],
      [
        -1,
        1,
        0
      ]
    ],
    "4": [
      [
        0,
        0,
        0,
        0
      ],
      [
        1,
        0,
        0,
        -1
      ],
      [
        1,
        0,
        -1,
        0
      ],
      [
        1,
        -1,
        0,
        0
      ],
      [
        0,
        1,
        0,
        -1
      ],
      [
        0,
        1,
        -1,
        0
      ],
      [
        0,
        0,
        1,
        -1
      ],
      [
        1,
        0,
        0,
        -1
      ],
      [
        1,
        0,
        -1,
        0
      ],
      [
        1,
        0,
        0,
        -1
      ],
      [
        0,
        1,
        0,
        -1
      ],
      [
        0,
        1,
        -1,
        0
      ],
      [
        0,
        0,
        1,
        -1
      ],
      [
        1,
        1,
        -1,
        -1
      ],
      [
        1,
        -1,
        1,
        -1
      ],
      [
        -1,
        1,
        1,
        -1
      ],
      [
        -1,
        -1,
        1,
        1
      ],
      [
        -1,
        1,
        -1,
        1
      ]
    ]
  },
  "rate_action_space": {
    "2": 2,
    "3": 7,
    "4": 18
  },
  "time_action_space": [
    7.0,
    7.0,
    7.0,
    7.0,
    7.0,
    7.0,
    7.0,
    7.0,
    7.0
  ],
  "tl_period": [
    160,
    160,
    160,
    160,
    160,
    160,
    160,
    160,
    160
  ],
  "common_phase": [
    [
      37,
      37,
      37,
      37
    ],
    [
      37,
      37,
      37,
      37
    ],
    [
      37,
      37,
      37,
      37
    ],
    [
      37,
      37,
      37,
      37
    ],
    [
      37,
      37,
      37,
      37
    ],
    [
      37,
      37,
      37,
      37
    ],
    [
      37,
      37,
      37,
      37
    ],
    [
      37,
      37,
      37,
      37
    ],
    [
      37,
      37,
      37,
      37
    ]
  ],
  "min_phase": [
    [
      20,
      20,
      20,
      20
    ],
    [
      20,
      20,
      20,
      20
    ],
    [
      20,
      20,
      20,
      20
    ],
    [
      20,
      20,
      20,
      20
    ],
    [
      20,
      20,
      20,
      20
    ],
    [
      20,
      20,
      20,
      20
    ],
    [
      20,
      20,
      20,
      20
    ],
    [
      20,
      20,
      20,
      20
    ],
    [
      20,
      20,
      20,
      20
    ]
  ],
  "max_phase": [
    [
      49,
      49,
      49,
      49
    ],
    [
      49,
      49,
      49,
      49
    ],
    [
      49,
      49,
      49,
      49
    ],
    [
      49,
      49,
      49,
      49
    ],
    [
      49,
      49,
      49,
      49
    ],
    [
      49,
      49,
      49,
      49
    ],
    [
      49,
      49,
      49,
      49
    ],
    [
      49,
      49,
      49,
      49
    ],
    [
      49,
      49,
      49,
      49
    ]
  ],
  "tl_rl_list": [
    "n_0_0",
    "n_0_1",
    "n_0_2",
    "n_1_0",
    "n_1_1",
    "n_1_2",
    "n_2_0",
    "n_2_1",
    "n_2_2"
  ],
  "offset": [
    0,
    0,
    0,
    0,
    0,
    0,
    0,
    0,
    0
  ],
  "phase_index": [
    [
      0,
      3,
      6,
      9
    ],
    [
      0,
      3,
      6,
      9
    ],
    [
      0,
      3,
      6,
      9
    ],
    [
      0,
      3,
      6,
      9
    ],
    [
      0,
      3,
      6,
      9
    ],
    [
      0,
      3,
      6,
      9
    ],
    [
      0,
      3,
      6,
      9
    ],
    [
      0,
      3,
      6,
      9
    ],
    [
      0,
      3,
      6,
      9
    ]
  ],
  "num_agent": 9,
  "max_phase_num": 12,
  "interest_list": [
    {
      "id": "u_0_0",
      "inflow": "n_0_u_to_n_0_0",
      "outflow": "n_0_0_to_n_0_u"
    },
    {
      "id": "r_0_0",
      "inflow": "n_1_0_to_n_0_0",
      "outflow": "n_0_0_to_n_1_0"
    },
    {
      "id": "d_0_0",
      "inflow": "n_0_1_to_n_0_0",
      "outflow": "n_0_0_to_n_0_1"
    },
    {
      "id": "l_0_0",
      "inflow": "n_0_l_to_n_0_0",
      "outflow": "n_0_0_to_n_0_l"
    },
    {
      "id": "u_0_1",
      "inflow": "n_0_0_to_n_0_1",
      "outflow": "n_0_1_to_n_0_0"
    },
    {
      "id": "r_0_1",
      "inflow": "n_1_1_to_n_0_1",
      "outflow": "n_0_1_to_n_1_1"
    },
    {
      "id": "d_0_1",
      "inflow": "n_0_2_to_n_0_1",
      "outflow": "n_0_1_to_n_0_2"
    },
    {
      "id": "l_0_1",
      "inflow": "n_1_l_to_n_0_1",
      "outflow": "n_0_1_to_n_1_l"
    },
    {
      "id": "u_0_2",
      "inflow": "n_0_1_to_n_0_2",
      "outflow": "n_0_2_to_n_0_1"
    },
    {
      "id": "r_0_2",
      "inflow": "n_1_2_to_n_0_2",
      "outflow": "n_0_2_to_n_1_2"
    },
    {
      "id": "d_0_2",
      "inflow": "n_0_d_to_n_0_2",
      "outflow": "n_0_2_to_n_0_d"
    },
    {
      "id": "l_0_2",
      "inflow": "n_2_l_to_n_0_2",
      "outflow": "n_0_2_to_n_2_l"
    },
    {
      "id": "u_1_0",
      "inflow": "n_1_u_to_n_1_0",
      "outflow": "n_1_0_to_n_1_u"
    },
    {
      "id": "r_1_0",
      "inflow": "n_2_0_to_n_1_0",
      "outflow": "n_1_0_to_n_2_0"
    },
    {
      "id": "d_1_0",
      "inflow": "n_1_1_to_n_1_0",
      "outflow": "n_1_0_to_n_1_1"
    },
    {
      "id": "l_1_0",
      "inflow": "n_0_0_to_n_1_0",
      "outflow": "n_1_0_to_n_0_0"
    },
    {
      "id": "u_1_1",
      "inflow": "n_1_0_to_n_1_1",
      "outflow": "n_1_1_to_n_1_0"
    },
    {
      "id": "r_1_1",
      "inflow": "n_2_1_to_n_1_1",
      "outflow": "n_1_1_to_n_2_1"
    },
    {
      "id": "d_1_1",
      "inflow": "n_1_2_to_n_1_1",
      "outflow": "n_1_1_to_n_1_2"
    },
    {
      "id": "l_1_1",
      "inflow": "n_0_1_to_n_1_1",
      "outflow": "n_1_1_to_n_0_1"
    },
    {
      "id": "u_1_2",
      "inflow": "n_1_1_to_n_1_2",
      "outflow": "n_1_2_to_n_1_1"
    },
    {
      "id": "r_1_2",
      "inflow": "n_2_2_to_n_1_2",
      "outflow": "n_1_2_to_n_2_2"
    },
    {
      "id": "d_1_2",
      "inflow": "n_1_d_to_n_1_2",
      "outflow": "n_1_2_to_n_1_d"
    },
    {
      "id": "l_1_2",
      "inflow": "n_0_2_to_n_1_2",
      "outflow": "n_1_2_to_n_0_2"
    },
    {
      "id": "u_2_0",
      "inflow": "n_2_u_to_n_2_0",
      "outflow": "n_2_0_to_n_2_u"
    },
    {
      "id": "r_2_0",
      "inflow": "n_0_r_to_n_2_0",
      "outflow": "n_2_0_to_n_0_r"
    },
    {
      "id": "d_2_0",
      "inflow": "n_2_1_to_n_2_0",
      "outflow": "n_2_0_to_n_2_1"
    },
    {
      "id": "l_2_0",
      "inflow": "n_1_0_to_n_2_0",
      "outflow": "n_2_0_to_n_1_0"
    },
    {
      "id": "u_2_1",
      "inflow": "n_2_0_to_n_2_1",
      "outflow": "n_2_1_to_n_2_0"
    },
    {
      "id": "r_2_1",
      "inflow": "n_1_r_to_n_2_1",
      "outflow": "n_2_1_to_n_1_r"
    },
    {
      "id": "d_2_1",
      "inflow": "n_2_2_to_n_2_1",
      "outflow": "n_2_1_to_n_2_2"
    },
    {
      "id": "l_2_1",
      "inflow": "n_1_1_to_n_2_1",
      "outflow": "n_2_1_to_n_1_1"
    },
    {
      "id": "u_2_2",
      "inflow": "n_2_1_to_n_2_2",
      "outflow": "n_2_2_to_n_2_1"
    },
    {
      "id": "r_2_2",
      "inflow": "n_2_r_to_n_2_2",
      "outflow": "n_2_2_to_n_2_r"
    },
    {
      "id": "d_2_2",
      "inflow": "n_2_d_to_n_2_2",
      "outflow": "n_2_2_to_n_2_d"
    },
    {
      "id": "l_2_2",
      "inflow": "n_1_2_to_n_2_2",
      "outflow": "n_2_2_to_n_1_2"
    }
  ],
  "node_interest_pair": {
    "n_0_0": [
      {
        "id": "u_0_0",
        "inflow": "n_0_u_to_n_0_0",
        "outflow": "n_0_0_to_n_0_u"
      },
      {
        "id": "r_0_0",
        "inflow": "n_1_0_to_n_0_0",
        "outflow": "n_0_0_to_n_1_0"
      },
      {
        "id": "d_0_0",
        "inflow": "n_0_1_to_n_0_0",
        "outflow": "n_0_0_to_n_0_1"
      },
      {
        "id": "l_0_0",
        "inflow": "n_0_l_to_n_0_0",
        "outflow": "n_0_0_to_n_0_l"
      }
    ],
    "n_0_1": [
      {
        "id": "u_0_1",
        "inflow": "n_0_0_to_n_0_1",
        "outflow": "n_0_1_to_n_0_0"
      },
      {
        "id": "r_0_1",
        "inflow": "n_1_1_to_n_0_1",
        "outflow": "n_0_1_to_n_1_1"
      },
      {
        "id": "d_0_1",
        "inflow": "n_0_2_to_n_0_1",
        "outflow": "n_0_1_to_n_0_2"
      },
      {
        "id": "l_0_1",
        "inflow": "n_1_l_to_n_0_1",
        "outflow": "n_0_1_to_n_1_l"
      }
    ],
    "n_0_2": [
      {
        "id": "u_0_2",
        "inflow": "n_0_1_to_n_0_2",
        "outflow": "n_0_2_to_n_0_1"
      },
      {
        "id": "r_0_2",
        "inflow": "n_1_2_to_n_0_2",
        "outflow": "n_0_2_to_n_1_2"
      },
      {
        "id": "d_0_2",
        "inflow": "n_0_d_to_n_0_2",
        "outflow": "n_0_2_to_n_0_d"
      },
      {
        "id": "l_0_2",
        "inflow": "n_2_l_to_n_0_2",
        "outflow": "n_0_2_to_n_2_l"
      }
    ],
    "n_1_0": [
      {
        "id": "u_1_0",
        "inflow": "n_1_u_to_n_1_0",
        "outflow": "n_1_0_to_n_1_u"
      },
      {
        "id": "r_1_0",
        "inflow": "n_2_0_to_n_1_0",
        "outflow": "n_1_0_to_n_2_0"
      },
      {
        "id": "d_1_0",
        "inflow": "n_1_1_to_n_1_0",
        "outflow": "n_1_0_to_n_1_1"
      },
      {
        "id": "l_1_0",
        "inflow": "n_0_0_to_n_1_0",
        "outflow": "n_1_0_to_n_0_0"
      }
    ],
    "n_1_1": [
      {
        "id": "u_1_1",
        "inflow": "n_1_0_to_n_1_1",
        "outflow": "n_1_1_to_n_1_0"
      },
      {
        "id": "r_1_1",
        "inflow": "n_2_1_to_n_1_1",
        "outflow": "n_1_1_to_n_2_1"
      },
      {
        "id": "d_1_1",
        "inflow": "n_1_2_to_n_1_1",
        "outflow": "n_1_1_to_n_1_2"
      },
      {
        "id": "l_1_1",
        "inflow": "n_0_1_to_n_1_1",
        "outflow": "n_1_1_to_n_0_1"
      }
    ],
    "n_1_2": [
      {
        "id": "u_1_2",
        "inflow": "n_1_1_to_n_1_2",
        "outflow": "n_1_2_to_n_1_1"
      },
      {
        "id": "r_1_2",
        "inflow": "n_2_2_to_n_1_2",
        "outflow": "n_1_2_to_n_2_2"
      },
      {
        "id": "d_1_2",
        "inflow": "n_1_d_to_n_1_2",
        "outflow": "n_1_2_to_n_1_d"
      },
      {
        "id": "l_1_2",
        "inflow": "n_0_2_to_n_1_2",
        "outflow": "n_1_2_to_n_0_2"
      }
    ],
    "n_2_0": [
      {
        "id": "u_2_0",
        "inflow": "n_2_u_to_n_2_0",
        "outflow": "n_2_0_to_n_2_u"
      },
      {
        "id": "r_2_0",
        "inflow": "n_0_r_to_n_2_0",
        "outflow": "n_2_0_to_n_0_r"
      },
      {
        "id": "d_2_0",
        "inflow": "n_2_1_to_n_2_0",
        "outflow": "n_2_0_to_n_2_1"
      },
      {
        "id": "l_2_0",
        "inflow": "n_1_0_to_n_2_0",
        "outflow": "n_2_0_to_n_1_0"
      }
    ],
    "n_2_1": [
      {
        "id": "u_2_1",
        "inflow": "n_2_0_to_n_2_1",
        "outflow": "n_2_1_to_n_2_0"
      },
      {
        "id": "r_2_1",
        "inflow": "n_1_r_to_n_2_1",
        "outflow": "n_2_1_to_n_1_r"
      },
      {
        "id": "d_2_1",
        "inflow": "n_2_2_to_n_2_1",
        "outflow": "n_2_1_to_n_2_2"
      },
      {
        "id": "l_2_1",
        "inflow": "n_1_1_to_n_2_1",
        "outflow": "n_2_1_to_n_1_1"
      }
    ],
    "n_2_2": [
      {
        "id": "u_2_2",
        "inflow": "n_2_1_to_n_2_2",
        "outflow": "n_2_2_to_n_2_1"
      },
      {
        "id": "r_2_2",
        "inflow": "n_2_r_to_n_2_2",
        "outflow": "n_2_2_to_n_2_r"
      },
      {
        "id": "d_2_2",
        "inflow": "n_2_d_to_n_2_2",
        "outflow": "n_2_2_to_n_2_d"
      },
      {
        "id": "l_2_2",
        "inflow": "n_1_2_to_n_2_2",
        "outflow": "n_2_2_to_n_1_2"
      }
    ]
  },
  "traffic_node_info": {
    "n_0_0": {
      "min_phase": [
        20,
        20,
        20,
        20
      ],
      "offset": 0,
      "phase_duration": [
        34,
        3,
        3,
        34,
        3,
        3,
        34,
        3,
        3,
        34,
        3,
        3
      ],
      "max_phase": [
        49,
        49,
        49,
        49
      ],
      "period": 160,
      "matrix_actions": [
        [
          0,
          0,
          0,
          0
        ],
        [
          1,
          0,
          0,
          -1
        ],
        [
          1,
          0,
          -1,
          0
        ],
        [
          1,
          -1,
          0,
          0
        ],
        [
          0,
          1,
          0,
          -1
        ],
        [
          0,
          1,
          -1,
          0
        ],
        [
          0,
          0,
          1,
          -1
        ],
        [
          1,
          0,
          0,
          -1
        ],
        [
          1,
          0,
          -1,
          0
        ],
        [
          1,
          0,
          0,
          -1
        ],
        [
          0,
          1,
          0,
          -1
        ],
        [
          0,
          1,
          -1,
          0
        ],
        [
          0,
          0,
          1,
          -1
        ],
        [
          1,
          1,
          -1,
          -1
        ],
        [
          1,
          -1,
          1,
          -1
        ],
        [
          -1,
          1,
          1,
          -1
        ],
        [
          -1,
          -1,
          1,
          1
        ],
        [
          -1,
          1,
          -1,
          1
        ]
      ],
      "num_phase": 4,
      "phase_list": [
        "rrrrGgrrrrrrrrrrGgrrrrrr",
        "yyyyyyyyyyyyyyyyyyyyyyyy",
        "rrrrrrrrrrrrrrrrrrrrrrrr",
        "GGGGrrrrrrrrGGGGrrrrrrrr",
        "yyyyyyyyyyyyyyyyyyyyyyyy",
        "rrrrrrrrrrrrrrrrrrrrrrrr",
        "rrrrrrrrrrGgrrrrrrrrrrGg",
        "yyyyyyyyyyyyyyyyyyyyyyyy",
        "rrrrrrrrrrrrrrrrrrrrrrrr",
        "rrrrrrGGGGrrrrrrrrGGGGrg",
        "yyyyyyyyyyyyyyyyyyyyyyyy",
        "rrrrrrrrrrrrrrrrrrrrrrrr"
      ],
      "common_phase": [
        34,
        34,
        34,
        34
      ],
      "phase_index": [
        0,
        3,
        6,
        9
      ],
      "max_phase_num": 4
    },
    "n_0_1": {
      "min_phase": [
        20,
        20,
        20,
        20
      ],
      "offset": 0,
      "phase_duration": [
        34,
        3,
        3,
        34,
        3,
        3,
        34,
        3,
        3,
        34,
        3,
        3
      ],
      "max_phase": [
        49,
        49,
        49,
        49
      ],
      "period": 160,
      "matrix_actions": [
        [
          0,
          0,
          0,
          0
        ],
        [
          1,
          0,
          0,
          -1
        ],
        [
          1,
          0,
          -1,
          0
        ],
        [
          1,
          -1,
          0,
          0
        ],
        [
          0,
          1,
          0,
          -1
        ],
        [
          0,
          1,
          -1,
          0
        ],
        [
          0,
          0,
          1,
          -1
        ],
        [
          1,
          0,
          0,
          -1
        ],
        [
          1,
          0,
          -1,
          0
        ],
        [
          1,
          0,
          0,
          -1
        ],
        [
          0,
          1,
          0,
          -1
        ],
        [
          0,
          1,
          -1,
          0
        ],
        [
          0,
          0,
          1,
          -1
        ],
        [
          1,
          1,
          -1,
          -1
        ],
        [
          1,
          -1,
          1,
          -1
        ],
        [
          -1,
          1,
          1,
          -1
        ],
        [
          -1,
          -1,
          1,
          1
        ],
        [
          -1,
          1,
          -1,
          1
        ]
      ],
      "num_phase": 4,
      "phase_list": [
        "rrrrGgrrrrrrrrrrGgrrrrrr",
        "yyyyyyyyyyyyyyyyyyyyyyyy",
        "rrrrrrrrrrrrrrrrrrrrrrrr",
        "GGGGrrrrrrrrGGGGrrrrrrrr",
        "yyyyyyyyyyyyyyyyyyyyyyyy",
        "rrrrrrrrrrrrrrrrrrrrrrrr",
        "rrrrrrrrrrGgrrrrrrrrrrGg",
        "yyyyyyyyyyyyyyyyyyyyyyyy",
        "rrrrrrrrrrrrrrrrrrrrrrrr",
        "rrrrrrGGGGrrrrrrrrGGGGrg",
        "yyyyyyyyyyyyyyyyyyyyyyyy",
        "rrrrrrrrrrrrrrrrrrrrrrrr"
      ],
      "common_phase": [
        34,
        34,
        34,
        34
      ],
      "phase_index": [
        0,
        3,
        6,
        9
      ],
      "max_phase_num": 4
    },
    "n_0_2": {
      "min_phase": [
        20,
        20,
        20,
        20
      ],
      "offset": 0,
      "phase_duration": [
        34,
        3,
        3,
        34,
        3,
        3,
        34,
        3,
        3,
        34,
        3,
        3
      ],
      "max_phase": [
        49,
        49,
        49,
        49
      ],
      "period": 160,
      "matrix_actions": [
        [
          0,
          0,
          0,
          0
        ],
        [
          1,
          0,
          0,
          -1
        ],
        [
          1,
          0,
          -1,
          0
        ],
        [
          1,
          -1,
          0,
          0
        ],
        [
          0,
          1,
          0,
          -1
        ],
        [
          0,
          1,
          -1,
          0
        ],
        [
          0,
          0,
          1,
          -1
        ],
        [
          1,
          0,
          0,
          -1
        ],
        [
          1,
          0,
          -1,
          0
        ],
        [
          1,
          0,
          0,
          -1
        ],
        [
          0,
          1,
          0,
          -1
        ],
        [
          0,
          1,
          -1,
          0
        ],
        [
          0,
          0,
          1,
          -1
        ],
        [
          1,
          1,
          -1,
          -1
        ],
        [
          1,
          -1,
          1,
          -1
        ],
        [
          -1,
          1,
          1,
          -1
        ],
        [
          -1,
          -1,
          1,
          1
        ],
        [
          -1,
          1,
          -1,
          1
        ]
      ],
      "num_phase": 4,
      "phase_list": [
        "rrrrGgrrrrrrrrrrGgrrrrrr",
        "yyyyyyyyyyyyyyyyyyyyyyyy",
        "rrrrrrrrrrrrrrrrrrrrrrrr",
        "GGGGrrrrrrrrGGGGrrrrrrrr",
        "yyyyyyyyyyyyyyyyyyyyyyyy",
        "rrrrrrrrrrrrrrrrrrrrrrrr",
        "rrrrrrrrrrGgrrrrrrrrrrGg",
        "yyyyyyyyyyyyyyyyyyyyyyyy",
        "rrrrrrrrrrrrrrrrrrrrrrrr",
        "rrrrrrGGGGrrrrrrrrGGGGrg",
        "yyyyyyyyyyyyyyyyyyyyyyyy",
        "rrrrrrrrrrrrrrrrrrrrrrrr"
      ],
      "common_phase": [
        34,
        34,
        34,
        34
      ],
      "phase_index": [
        0,
        3,
        6,
        9
      ],
      "max_phase_num": 4
    },
    "n_1_0": {
      "min_phase": [
        20,
        20,
        20,
        20
      ],
      "offset": 0,
      "phase_duration": [
        34,
        3,
        3,
        34,
        3,
        3,
        34,
        3,
        3,
        34,
        3,
        3
      ],
      "max_phase": [
        49,
        49,
        49,
        49
      ],
      "period": 160,
      "matrix_actions": [
        [
          0,
          0,
          0,
          0
        ],
        [
          1,
          0,
          0,
          -1
        ],
        [
          1,
          0,
          -1,
          0
        ],
        [
          1,
          -1,
          0,
          0
        ],
        [
          0,
          1,
          0,
          -1
        ],
        [
          0,
          1,
          -1,
          0
        ],
        [
          0,
          0,
          1,
          -1
        ],
        [
          1,
          0,
          0,
          -1
        ],
        [
          1,
          0,
          -1,
          0
        ],
        [
          1,
          0,
          0,
          -1
        ],
        [
          0,
          1,
          0,
          -1
        ],
        [
          0,
          1,
          -1,
          0
        ],
        [
          0,
          0,
          1,
          -1
        ],
        [
          1,
          1,
          -1,
          -1
        ],
        [
          1,
          -1,
          1,
          -1
        ],
        [
          -1,
          1,
          1,
          -1
        ],
        [
          -1,
          -1,
          1,
          1
        ],
        [
          -1,
          1,
          -1,
          1
        ]
      ],
      "num_phase": 4,
      "phase_list": [
        "rrrrGgrrrrrrrrrrGgrrrrrr",
        "yyyyyyyyyyyyyyyyyyyyyyyy",
        "rrrrrrrrrrrrrrrrrrrrrrrr",
        "GGGGrrrrrrrrGGGGrrrrrrrr",
        "yyyyyyyyyyyyyyyyyyyyyyyy",
        "rrrrrrrrrrrrrrrrrrrrrrrr",
        "rrrrrrrrrrGgrrrrrrrrrrGg",
        "yyyyyyyyyyyyyyyyyyyyyyyy",
        "rrrrrrrrrrrrrrrrrrrrrrrr",
        "rrrrrrGGGGrrrrrrrrGGGGrg",
        "yyyyyyyyyyyyyyyyyyyyyyyy",
        "rrrrrrrrrrrrrrrrrrrrrrrr"
      ],
      "common_phase": [
        34,
        34,
        34,
        34
      ],
      "phase_index": [
        0,
        3,
        6,
        9
      ],
      "max_phase_num": 4
    },
    "n_1_1": {
      "min_phase": [
        20,
        20,
        20,
        20
      ],
      "offset": 0,
      "phase_duration": [
        34,
        3,
        3,
        34,
        3,
        3,
        34,
        3,
        3,
        34,
        3,
        3
      ],
      "max_phase": [
        49,
        49,
        49,
        49
      ],
      "period": 160,
      "matrix_actions": [
        [
          0,
          0,
          0,
          0
        ],
        [
          1,
          0,
          0,
          -1
        ],
        [
          1,
          0,
          -1,
          0
        ],
        [
          1,
          -1,
          0,
          0
        ],
        [
          0,
          1,
          0,
          -1
        ],
        [
          0,
          1,
          -1,
          0
        ],
        [
          0,
          0,
          1,
          -1
        ],
        [
          1,
          0,
          0,
          -1
        ],
        [
          1,
          0,
          -1,
          0
        ],
        [
          1,
          0,
          0,
          -1
        ],
        [
          0,
          1,
          0,
          -1
        ],
        [
          0,
          1,
          -1,
          0
        ],
        [
          0,
          0,
          1,
          -1
        ],
        [
          1,
          1,
          -1,
          -1
        ],
        [
          1,
          -1,
          1,
          -1
        ],
        [
          -1,
          1,
          1,
          -1
        ],
        [
          -1,
          -1,
          1,
          1
        ],
        [
          -1,
          1,
          -1,
          1
        ]
      ],
      "num_phase": 4,
      "phase_list": [
        "rrrrGgrrrrrrrrrrGgrrrrrr",
        "yyyyyyyyyyyyyyyyyyyyyyyy",
        "rrrrrrrrrrrrrrrrrrrrrrrr",
        "GGGGrrrrrrrrGGGGrrrrrrrr",
        "yyyyyyyyyyyyyyyyyyyyyyyy",
        "rrrrrrrrrrrrrrrrrrrrrrrr",
        "rrrrrrrrrrGgrrrrrrrrrrGg",
        "yyyyyyyyyyyyyyyyyyyyyyyy",
        "rrrrrrrrrrrrrrrrrrrrrrrr",
        "rrrrrrGGGGrrrrrrrrGGGGrg",
        "yyyyyyyyyyyyyyyyyyyyyyyy",
        "rrrrrrrrrrrrrrrrrrrrrrrr"
      ],
      "common_phase": [
        34,
        34,
        34,
        34
      ],
      "phase_index": [
        0,
        3,
        6,
        9
      ],
      "max_phase_num": 4
    },
    "n_1_2": {
      "min_phase": [
        20,
        20,
        20,
        20
      ],
      "offset": 0,
      "phase_duration": [
        34,
        3,
        3,
        34,
        3,
        3,
        34,
        3,
        3,
        34,
        3,
        3
      ],
      "max_phase": [
        49,
        49,
        49,
        49
      ],
      "period": 160,
      "matrix_actions": [
        [
          0,
          0,
          0,
          0
        ],
        [
          1,
          0,
          0,
          -1
        ],
        [
          1,
          0,
          -1,
          0
        ],
        [
          1,
          -1,
          0,
          0
        ],
        [
          0,
          1,
          0,
          -1
        ],
        [
          0,
          1,
          -1,
          0
        ],
        [
          0,
          0,
          1,
          -1
        ],
        [
          1,
          0,
          0,
          -1
        ],
        [
          1,
          0,
          -1,
          0
        ],
        [
          1,
          0,
          0,
          -1
        ],
        [
          0,
          1,
          0,
          -1
        ],
        [
          0,
          1,
          -1,
          0
        ],
        [
          0,
          0,
          1,
          -1
        ],
        [
          1,
          1,
          -1,
          -1
        ],
        [
          1,
          -1,
          1,
          -1
        ],
        [
          -1,
          1,
          1,
          -1
        ],
        [
          -1,
          -1,
          1,
          1
        ],
        [
          -1,
          1,
          -1,
          1
        ]
      ],
      "num_phase": 4,
      "phase_list": [
        "rrrrGgrrrrrrrrrrGgrrrrrr",
        "yyyyyyyyyyyyyyyyyyyyyyyy",
        "rrrrrrrrrrrrrrrrrrrrrrrr",
        "GGGGrrrrrrrrGGGGrrrrrrrr",
        "yyyyyyyyyyyyyyyyyyyyyyyy",
        "rrrrrrrrrrrrrrrrrrrrrrrr",
        "rrrrrrrrrrGgrrrrrrrrrrGg",
        "yyyyyyyyyyyyyyyyyyyyyyyy",
        "rrrrrrrrrrrrrrrrrrrrrrrr",
        "rrrrrrGGGGrrrrrrrrGGGGrg",
        "yyyyyyyyyyyyyyyyyyyyyyyy",
        "rrrrrrrrrrrrrrrrrrrrrrrr"
      ],
      "common_phase": [
        34,
        34,
        34,
        34
      ],
      "phase_index": [
        0,
        3,
        6,
        9
      ],
      "max_phase_num": 4
    },
    "n_2_0": {
      "min_phase": [
        20,
        20,
        20,
        20
      ],
      "offset": 0,
      "phase_duration": [
        34,
        3,
        3,
        34,
        3,
        3,
        34,
        3,
        3,
        34,
        3,
        3
      ],
      "max_phase": [
        49,
        49,
        49,
        49
      ],
      "period": 160,
      "matrix_actions": [
        [
          0,
          0,
          0,
          0
        ],
        [
          1,
          0,
          0,
          -1
        ],
        [
          1,
          0,
          -1,
          0
        ],
        [
          1,
          -1,
          0,
          0
        ],
        [
          0,
          1,
          0,
          -1
        ],
        [
          0,
          1,
          -1,
          0
        ],
        [
          0,
          0,
          1,
          -1
        ],
        [
          1,
          0,
          0,
          -1
        ],
        [
          1,
          0,
          -1,
          0
        ],
        [
          1,
          0,
          0,
          -1
        ],
        [
          0,
          1,
          0,
          -1
        ],
        [
          0,
          1,
          -1,
          0
        ],
        [
          0,
          0,
          1,
          -1
        ],
        [
          1,
          1,
          -1,
          -1
        ],
        [
          1,
          -1,
          1,
          -1
        ],
        [
          -1,
          1,
          1,
          -1
        ],
        [
          -1,
          -1,
          1,
          1
        ],
        [
          -1,
          1,
          -1,
          1
        ]
      ],
      "num_phase": 4,
      "phase_list": [
        "rrrrGgrrrrrrrrrrGgrrrrrr",
        "yyyyyyyyyyyyyyyyyyyyyyyy",
        "rrrrrrrrrrrrrrrrrrrrrrrr",
        "GGGGrrrrrrrrGGGGrrrrrrrr",
        "yyyyyyyyyyyyyyyyyyyyyyyy",
        "rrrrrrrrrrrrrrrrrrrrrrrr",
        "rrrrrrrrrrGgrrrrrrrrrrGg",
        "yyyyyyyyyyyyyyyyyyyyyyyy",
        "rrrrrrrrrrrrrrrrrrrrrrrr",
        "rrrrrrGGGGrrrrrrrrGGGGrg",
        "yyyyyyyyyyyyyyyyyyyyyyyy",
        "rrrrrrrrrrrrrrrrrrrrrrrr"
      ],
      "common_phase": [
        34,
        34,
        34,
        34
      ],
      "phase_index": [
        0,
        3,
        6,
        9
      ],
      "max_phase_num": 4
    },
    "n_2_1": {
      "min_phase": [
        20,
        20,
        20,
        20
      ],
      "offset": 0,
      "phase_duration": [
        34,
        3,
        3,
        34,
        3,
        3,
        34,
        3,
        3,
        34,
        3,
        3
      ],
      "max_phase": [
        49,
        49,
        49,
        49
      ],
      "period": 160,
      "matrix_actions": [
        [
          0,
          0,
          0,
          0
        ],
        [
          1,
          0,
          0,
          -1
        ],
        [
          1,
          0,
          -1,
          0
        ],
        [
          1,
          -1,
          0,
          0
        ],
        [
          0,
          1,
          0,
          -1
        ],
        [
          0,
          1,
          -1,
          0
        ],
        [
          0,
          0,
          1,
          -1
        ],
        [
          1,
          0,
          0,
          -1
        ],
        [
          1,
          0,
          -1,
          0
        ],
        [
          1,
          0,
          0,
          -1
        ],
        [
          0,
          1,
          0,
          -1
        ],
        [
          0,
          1,
          -1,
          0
        ],
        [
          0,
          0,
          1,
          -1
        ],
        [
          1,
          1,
          -1,
          -1
        ],
        [
          1,
          -1,
          1,
          -1
        ],
        [
          -1,
          1,
          1,
          -1
        ],
        [
          -1,
          -1,
          1,
          1
        ],
        [
          -1,
          1,
          -1,
          1
        ]
      ],
      "num_phase": 4,
      "phase_list": [
        "rrrrGgrrrrrrrrrrGgrrrrrr",
        "yyyyyyyyyyyyyyyyyyyyyyyy",
        "rrrrrrrrrrrrrrrrrrrrrrrr",
        "GGGGrrrrrrrrGGGGrrrrrrrr",
        "yyyyyyyyyyyyyyyyyyyyyyyy",
        "rrrrrrrrrrrrrrrrrrrrrrrr",
        "rrrrrrrrrrGgrrrrrrrrrrGg",
        "yyyyyyyyyyyyyyyyyyyyyyyy",
        "rrrrrrrrrrrrrrrrrrrrrrrr",
        "rrrrrrGGGGrrrrrrrrGGGGrg",
        "yyyyyyyyyyyyyyyyyyyyyyyy",
        "rrrrrrrrrrrrrrrrrrrrrrrr"
      ],
      "common_phase": [
        34,
        34,
        34,
        34
      ],
      "phase_index": [
        0,
        3,
        6,
        9
      ],
      "max_phase_num": 4
    },
    "n_2_2": {
      "min_phase": [
        20,
        20,
        20,
        20
      ],
      "offset": 0,
      "phase_duration": [
        34,
        3,
        3,
        34,
        3,
        3,
        34,
        3,
        3,
        34,
        3,
        3
      ],
      "max_phase": [
        49,
        49,
        49,
        49
      ],
      "period": 160,
      "matrix_actions": [
        [
          0,
          0,
          0,
          0
        ],
        [
          1,
          0,
          0,
          -1
        ],
        [
          1,
          0,
          -1,
          0
        ],
        [
          1,
          -1,
          0,
          0
        ],
        [
          0,
          1,
          0,
          -1
        ],
        [
          0,
          1,
          -1,
          0
        ],
        [
          0,
          0,
          1,
          -1
        ],
        [
          1,
          0,
          0,
          -1
        ],
        [
          1,
          0,
          -1,
          0
        ],
        [
          1,
          0,
          0,
          -1
        ],
        [
          0,
          1,
          0,
          -1
        ],
        [
          0,
          1,
          -1,
          0
        ],
        [
          0,
          0,
          1,
          -1
        ],
        [
          1,
          1,
          -1,
          -1
        ],
        [
          1,
          -1,
          1,
          -1
        ],
        [
          -1,
          1,
          1,
          -1
        ],
        [
          -1,
          -1,
          1,
          1
        ],
        [
          -1,
          1,
          -1,
          1
        ]
      ],
      "num_phase": 4,
      "phase_list": [
        "rrrrGgrrrrrrrrrrGgrrrrrr",
        "yyyyyyyyyyyyyyyyyyyyyyyy",
        "rrrrrrrrrrrrrrrrrrrrrrrr",
        "GGGGrrrrrrrrGGGGrrrrrrrr",
        "yyyyyyyyyyyyyyyyyyyyyyyy",
        "rrrrrrrrrrrrrrrrrrrrrrrr",
        "rrrrrrrrrrGgrrrrrrrrrrGg",
        "yyyyyyyyyyyyyyyyyyyyyyyy",
        "rrrrrrrrrrrrrrrrrrrrrrrr",
        "rrrrrrGGGGrrrrrrrrGGGGrg",
        "yyyyyyyyyyyyyyyyyyyyyyyy",
        "rrrrrrrrrrrrrrrrrrrrrrrr"
      ],
      "common_phase": [
        34,
        34,
        34,
        34
      ],
      "phase_index": [
        0,
        3,
        6,
        9
      ],
      "max_phase_num": 4
    }
  },
  "algorithm": "super_dqn",
  "randomness": false,
  "action_size": 2,
  "state_space": 8,
  "phase_period": [
    [
      160
    ],
    [
      160
    ],
    [
      160
    ],
    [
      160
    ],
    [
      160
    ],
    [
      160
    ],
    [
      160
    ],
    [
      160
    ],
    [
      160
    ]
  ],
  "matrix_actions": [
    [
      0,
      0,
      0,
      0
    ],
    [
      1,
      0,
      0,
      -1
    ],
    [
      1,
      0,
      -1,
      0
    ],
    [
      1,
      -1,
      0,
      0
    ],
    [
      0,
      1,
      0,
      -1
    ],
    [
      0,
      1,
      -1,
      0
    ],
    [
      0,
      0,
      1,
      -1
    ],
    [
      1,
      0,
      0,
      -1
    ],
    [
      1,
      0,
      -1,
      0
    ],
    [
      1,
      0,
      0,
      -1
    ],
    [
      0,
      1,
      0,
      -1
    ],
    [
      0,
      1,
      -1,
      0
    ],
    [
      0,
      0,
      1,
      -1
    ]
  ],
  "gamma": 0.99,
  "tau": 0.001,
  "batch_size": 64,
  "experience_replay_size": 100000.0,
  "epsilon": 0.9,
  "epsilon_decay_rate": 0.98,
  "fc_net": [
    64,
    128,
    50
  ],
  "lr": 1e-05,
  "lr_decay_rate": 0.98,
  "target_update_period": 5,
  "final_epsilon": 0.0005,
  "final_lr": 1e-06
}