<?xml version='1.0' encoding='UTF-8'?>
<edges>
    <edge from="n_0_l" id="n_0_l_to_n_0_0" to="n_0_0" numLanes="3"/>
    <edge from="n_0_r" id="n_0_r_to_n_2_0" to="n_2_0" numLanes="3"/>
    <edge from="n_0_u" id="n_0_u_to_n_0_0" to="n_0_0" numLanes="3"/>
    <edge from="n_0_d" id="n_0_d_to_n_0_2" to="n_0_2" numLanes="3"/>
    <edge from="n_1_l" id="n_1_l_to_n_0_1" to="n_0_1" numLanes="3"/>
    <edge from="n_1_r" id="n_1_r_to_n_2_1" to="n_2_1" numLanes="3"/>
    <edge from="n_1_u" id="n_1_u_to_n_1_0" to="n_1_0" numLanes="3"/>
    <edge from="n_1_d" id="n_1_d_to_n_1_2" to="n_1_2" numLanes="3"/>
    <edge from="n_2_l" id="n_2_l_to_n_0_2" to="n_0_2" numLanes="3"/>
    <edge from="n_2_r" id="n_2_r_to_n_2_2" to="n_2_2" numLanes="3"/>
    <edge from="n_2_u" id="n_2_u_to_n_2_0" to="n_2_0" numLanes="3"/>
    <edge from="n_2_d" id="n_2_d_to_n_2_2" to="n_2_2" numLanes="3"/>
    <edge from="n_0_0" id="n_0_0_to_n_0_l" to="n_0_l" numLanes="3"/>
    <edge from="n_0_0" id="n_0_0_to_n_0_u" to="n_0_u" numLanes="3"/>
    <edge from="n_0_0" id="n_0_0_to_n_1_0" to="n_1_0" numLanes="3"/>
    <edge from="n_0_0" id="n_0_0_to_n_0_1" to="n_0_1" numLanes="3"/>
    <edge from="n_1_0" id="n_1_0_to_n_1_u" to="n_1_u" numLanes="3"/>
    <edge from="n_1_0" id="n_1_0_to_n_2_0" to="n_2_0" numLanes="3"/>
    <edge from="n_1_0" id="n_1_0_to_n_1_1" to="n_1_1" numLanes="3"/>
    <edge from="n_1_0" id="n_1_0_to_n_0_0" to="n_0_0" numLanes="3"/>
    <edge from="n_2_0" id="n_2_0_to_n_2_u" to="n_2_u" numLanes="3"/>
    <edge from="n_2_0" id="n_2_0_to_n_0_r" to="n_0_r" numLanes="3"/>
    <edge from="n_2_0" id="n_2_0_to_n_2_1" to="n_2_1" numLanes="3"/>
    <edge from="n_2_0" id="n_2_0_to_n_1_0" to="n_1_0" numLanes="3"/>
    <edge from="n_0_1" id="n_0_1_to_n_1_l" to="n_1_l" numLanes="3"/>
    <edge from="n_0_1" id="n_0_1_to_n_1_1" to="n_1_1" numLanes="3"/>
    <edge from="n_0_1" id="n_0_1_to_n_0_2" to="n_0_2" numLanes="3"/>
    <edge from="n_0_1" id="n_0_1_to_n_0_0" to="n_0_0" numLanes="3"/>
    <edge from="n_1_1" id="n_1_1_to_n_2_1" to="n_2_1" numLanes="3"/>
    <edge from="n_1_1" id="n_1_1_to_n_1_2" to="n_1_2" numLanes="3"/>
    <edge from="n_1_1" id="n_1_1_to_n_0_1" to="n_0_1" numLanes="3"/>
    <edge from="n_1_1" id="n_1_1_to_n_1_0" to="n_1_0" numLanes="3"/>
    <edge from="n_2_1" id="n_2_1_to_n_1_r" to="n_1_r" numLanes="3"/>
    <edge from="n_2_1" id="n_2_1_to_n_2_2" to="n_2_2" numLanes="3"/>
    <edge from="n_2_1" id="n_2_1_to_n_1_1" to="n_1_1" numLanes="3"/>
    <edge from="n_2_1" id="n_2_1_to_n_2_0" to="n_2_0" numLanes="3"/>
    <edge from="n_0_2" id="n_0_2_to_n_2_l" to="n_2_l" numLanes="3"/>
    <edge from="n_0_2" id="n_0_2_to_n_0_d" to="n_0_d" numLanes="3"/>
    <edge from="n_0_2" id="n_0_2_to_n_1_2" to="n_1_2" numLanes="3"/>
    <edge from="n_0_2" id="n_0_2_to_n_0_1" to="n_0_1" numLanes="3"/>
    <edge from="n_1_2" id="n_1_2_to_n_1_d" to="n_1_d" numLanes="3"/>
    <edge from="n_1_2" id="n_1_2_to_n_2_2" to="n_2_2" numLanes="3"/>
    <edge from="n_1_2" id="n_1_2_to_n_0_2" to="n_0_2" numLanes="3"/>
    <edge from="n_1_2" id="n_1_2_to_n_1_1" to="n_1_1" numLanes="3"/>
    <edge from="n_2_2" id="n_2_2_to_n_2_d" to="n_2_d" numLanes="3"/>
    <edge from="n_2_2" id="n_2_2_to_n_2_r" to="n_2_r" numLanes="3"/>
    <edge from="n_2_2" id="n_2_2_to_n_1_2" to="n_1_2" numLanes="3"/>
    <edge from="n_2_2" id="n_2_2_to_n_2_1" to="n_2_1" numLanes="3"/>
    </edges>
    
