<?xml version='1.0' encoding='UTF-8'?>
<nodes>
    <node id="n_0_0" type="traffic_light" tl="n_0_0" x="-450.0" y="450.0"/>
    <node id="n_0_1" type="traffic_light" tl="n_0_1" x="-450.0" y="150.0"/>
    <node id="n_0_2" type="traffic_light" tl="n_0_2" x="-450.0" y="-150.0"/>
    <node id="n_1_0" type="traffic_light" tl="n_1_0" x="-150.0" y="450.0"/>
    <node id="n_1_1" type="traffic_light" tl="n_1_1" x="-150.0" y="150.0"/>
    <node id="n_1_2" type="traffic_light" tl="n_1_2" x="-150.0" y="-150.0"/>
    <node id="n_2_0" type="traffic_light" tl="n_2_0" x="150.0" y="450.0"/>
    <node id="n_2_1" type="traffic_light" tl="n_2_1" x="150.0" y="150.0"/>
    <node id="n_2_2" type="traffic_light" tl="n_2_2" x="150.0" y="-150.0"/>
    <node id="n_0_u" x="-450.0" y="750.0"/>
    <node id="n_0_r" x="450.0" y="450.0"/>
    <node id="n_0_d" x="-450.0" y="-450.0"/>
    <node id="n_0_l" x="-750.0" y="450.0"/>
    <node id="n_1_u" x="-150.0" y="750.0"/>
    <node id="n_1_r" x="450.0" y="150.0"/>
    <node id="n_1_d" x="-150.0" y="-450.0"/>
    <node id="n_1_l" x="-750.0" y="150.0"/>
    <node id="n_2_u" x="150.0" y="750.0"/>
    <node id="n_2_r" x="450.0" y="-150.0"/>
    <node id="n_2_d" x="150.0" y="-450.0"/>
    <node id="n_2_l" x="-750.0" y="-150.0"/>
    </nodes>
    
